指标,Moran_I,期望值,方差,Z得分,P值,显著性(α=0.05),城市数量
跨境数据传输总量_TB,-0.033839680425536825,-0.1,0.05846240179573512,0.27362720078704783,0.7843711282854859,False,11
