指标,总样本数,IQR异常值数量,IQR异常值比例(%),Z-score异常值数量,Z-score异常值比例(%)
跨境数据传输总量_TB,55,3,5.454545454545454,1,1.8181818181818181
数据中心数量,55,4,7.2727272727272725,2,3.6363636363636362
互联网国际出口带宽_Gbps,55,0,0.0,0,0.0
IaaS使用量_万核时,55,2,3.6363636363636362,0,0.0
政务API调用量_亿次,55,5,9.090909090909092,2,3.6363636363636362
数据交易额_亿元,55,6,10.909090909090908,1,1.8181818181818181
