,PC1,PC2,PC3,PC4,PC5
数据中心数量,-0.5683211730511609,-0.13135746632386874,0.3852596252308539,0.0548149804232821,-0.4455675693110014
互联网国际出口带宽_Gbps,-0.10942286099542718,0.72461588831041,-0.0871231028855333,-0.40601424579112905,-0.48723891541766373
IaaS使用量_万核时,0.012016190502334287,-0.3524801563104062,-0.7553312653728822,-0.3963074661681997,-0.21312136349080224
跨境数据传输总量_TB,0.5399906618122574,0.20574917557774977,0.3241544080222519,-0.4246386252593265,0.20540007971251462
数据交易额_亿元,0.40228895529298925,-0.4962292200887571,0.35099801858512436,-0.21627348575504632,-0.5403274817999159
政务API调用量_亿次,0.45985538435901285,0.2117985073971519,-0.21256428761633578,0.6693250030384551,-0.4295393865183735
