,PC1,PC2,PC3,PC4,PC5
数据中心数量,-0.14737490148522656,0.5111131398492561,0.5982333916938795,0.07058510328591674,-0.18535864594733828
互联网国际出口带宽_Gbps,0.1931364673791499,-0.6153312887944646,0.262019696764992,-0.2843389355154577,-0.6407941205268481
IaaS使用量_万核时,0.024668017997573708,0.5073674126028636,-0.518019350623904,-0.10716010854081545,-0.6707508980543299
跨境数据传输总量_TB,0.5026735492678231,0.2821905224674435,0.15442211418237453,-0.7538805512260406,0.2514102293598976
数据交易额_亿元,0.6136322260910952,-0.06143275803267829,-0.38039813726122773,0.2578457475640952,0.1253304137348933
政务API调用量_亿次,0.5578039317157684,0.13893738590711185,0.3695531190078642,0.5175572519323896,-0.1618749029230476
